{"mean": [1.511008987522178, 2.649632064221518, 0.824205229632646, 2.657048951455746, 2.6572816381140747, 2.6549547715307873, 2.6518716733079315, 2.7308397079782436, 1.5009743753817515, 23.186731043308804, 0.5027486111515082, 0.5105145283732294, 1.995578953491754, 2.656467234809924, 1.2593001948750764, 0.6208370902533376, 2.6505628108548325, 2.6540531107297634, 2.655740089002647, 3.4818068119019228, 0.9990692533666851, 2.6476251417934322, 2.648439545097583, 2.6572234664494925, 5.907739739972659, 2.6521334457985515, 2.6574852389401125, 2.6589686163869577, 2.6518716733079315, 2.65608911899014, 1.1101189610540705, 0.4959425263953928, 0.9910997353189261, 0.8512841394956516, 0.505279078560833, 3.524737500363573, 0.0, 2.647392455135104, 0.5142375149064891, 1.5061225676972747, 2.648468630929874, 0.49835665047555333, 2137.007009685582, 2.6540531107297634, 2.6584741572380093, 0.5174951281230913, 2.650068351705884, 2.6516971583141853, 0.07821180303074372, 2.17995404438498, 0.9999709141677089, 2.650097437538175, 9.765190075914022, 0.5009743753817516, 2.6530641924318665, 0.4972513888484919, 0.9027951484831739, 1.9995637125156336, 0.8449725138884849, 2.645240103545563, 2.6532677932579043, 1005.869695471336, 2.6561182048224308, 1.5306419243186644, 0.0, 2.652511561618336, 0.0, 2.6501265233704663, 2.658037869753643], "scale": [1.1240382048105289, 0.732224524514647, 0.3806454637570811, 0.7256366212183544, 0.7239810073029571, 0.725525667831421, 0.7292947693398377, 1.5452342138680484, 1.1197882112042048, 10.04105065203514, 0.4999924450796611, 0.49988943246790934, 1.1617570382758862, 0.7236351189754537, 0.8209846800496352, 0.4851787275006053, 0.7291673258460423, 0.7265588206973315, 0.726919662341404, 1.129803991605147, 0.13685908704272137, 0.7323141082470723, 0.7297619729771672, 0.7236319846715019, 3.678387659596318, 0.7282823356770951, 0.7235750597954489, 0.7215192756046052, 0.7292150007078041, 0.7254027693833381, 0.3498095237845546, 0.4999835366369056, 0.09392044489716113, 0.3558081692974454, 0.49997213055284256, 2.309079121775823, 1.0, 0.7324801122148157, 0.4997972520625613, 1.1154517493838303, 0.729955313498727, 0.4999972993950473, 1233.6842543126252, 0.7261183316944236, 0.7242030199370479, 0.49969382674989754, 0.7321352325630645, 0.7293310893546217, 0.34493633985224376, 1.3247308595955405, 0.0053930498148497515, 0.7292632640812574, 1.2824012948937717, 0.499999050591714, 0.7259669417832678, 0.4999924450796609, 0.296236507470666, 0.02903960725754783, 0.36193088381824934, 0.7342183788725726, 0.7266448383352776, 427.530900861589, 0.7262780966268801, 0.5850231441017568, 1.0, 0.7270840135460697, 1.0, 0.7300545249269514, 0.7232132945253766]}