{
  "mean": [
    7.973309081428626, 48.15378378384452, 150.53941523134316,
    408.81457968020936, 10.607296507762609, 3.170544821203084,
    49.23549327106183, 2.556967589194574, 1.249043987228264, 0.848785015455574,
    0.8126194693118103, 151.88241166198685, 0.21129918295641503,
    0.42650955508573596, 0.10083984689785015
  ],
  "scale": [
    10.772850166535559, 12.69279495855732, 23.19591862611866, 9725.715939252115,
    16.266395490258255, 2.206427293632911, 10.286283341979027,
    1.6623614156581006, 0.8030882313134006, 0.6975765911197722,
    1.1346317216252184, 21.29072992647815, 0.39011822961631776,
    0.558139604435575, 0.23508208577459008
  ]
}
