{"Ghsh3wqVTif": {"mean": 7.973309081428626, "scale": 10.772850166535559}, "xcTT5oXggBZ": {"mean": 48.15378378384452, "scale": 12.69279495855732}, "WBsNDNQUgeX": {"mean": 150.53941523134316, "scale": 23.19591862611866}, "HzhDngURGLk": {"mean": 408.81457968020936, "scale": 9725.715939252115}, "vZMCHh6nEBZ": {"mean": 10.607296507762609, "scale": 16.266395490258255}, "A0cMF4wzukz": {"mean": 3.170544821203084, "scale": 2.206427293632911}, "IYvO501ShKB": {"mean": 49.23549327106183, "scale": 10.286283341979027}, "KSzr7m65j5q": {"mean": 2.556967589194574, "scale": 1.6623614156581006}, "QtDbhbhXw8w": {"mean": 1.249043987228264, "scale": 0.8030882313134006}, "jnw3HP0Kehx": {"mean": 0.848785015455574, "scale": 0.6975765911197722}, "R8wHHdIp2zv": {"mean": 0.8126194693118103, "scale": 1.1346317216252184}, "gCQbn6KVtTn": {"mean": 151.88241166198685, "scale": 21.29072992647815}, "IrXoOEno4my": {"mean": 0.21129918295641503, "scale": 0.39011822961631776}, "BQVLvsEJmSq": {"mean": 0.42650955508573596, "scale": 0.558139604435575}, "YFOzTDRhjkF": {"mean": 0.10083984689785015, "scale": 0.23508208577459008}}