{"mean": [36.00948198132689, 21.914982112213142, 9.017742357697566, 21.914982112213142, 25.955033303277972, 4.259878507376338, 41.617579477036735, 1003.2591816541528, 25.955033303277972, 2.1299719232569023, 164.67333701753876, 993.8792270531401, 70.05674645879992, 164.67333701753876, 70.05674645879992], "scale": [0.8149319960766485, 4.332667826139788, 2.5825774802318913, 4.332667826139788, 8.235659094896144, 0.8349685304917259, 13.765289718717439, 590.8341619917973, 8.235659094896144, 0.4175184047486791, 14.481900322738644, 570.330823422672, 17.672806697155988, 14.481900322738644, 17.672806697155988]}